"Spring5核心原理_Spring5核心原理"	"<div>
    <div class=""mubu_outline_container"">
        <div class=""mubu_outline""><div>Spring 5 核心原理</div><ul></ul></div>
    </div>
</div>
"	"<div>
    <div class=""mubu_outline_container"">
        <div>
            <span>Spring内功心法</span>
        </div>
        <ul>
        </ul>
    </div>
    <div class=""mubu_outline_container"">
        <div>
            <span>Spring环境预热</span>
        </div>
        <ul>
        </ul>
    </div>
    <div class=""mubu_outline_container"">
        <div>
            <span>Spring核心原理</span>
        </div>
        <ul>
        </ul>
    </div>
    <div class=""mubu_outline_container"">
        <div>
            <span>Spring手写实战</span>
        </div>
        <ul>
        </ul>
    </div>
    <div class=""mubu_outline_container"">
        <div>
            <span>Spring数据访问</span>
        </div>
        <ul>
        </ul>
    </div>
    <div class=""mubu_outline_container"">
        <div>
            <span>Spring经验分享</span>
        </div>
        <ul>
        </ul>
    </div>
</div>
"	"Spring5核心原理"
"Spring5核心原理_一"	"<div>
    <div class=""mubu_outline_container"">
        <div class=""mubu_outline""><div>Spring 5 核心原理</div><ul></ul></div>
    </div>
    <div class=""mubu_outline_container"">
        &nbsp;&nbsp;&nbsp;&nbsp; <div class=""mubu_outline""><div><span>Spring内功心法</span></div><ul></ul></div>
    </div>
</div>
"	"<div>
    <div class=""mubu_outline_container"">
        <div>
            <span>软件架构设计原则</span>
        </div>
        <ul>
        </ul>
    </div>
    <div class=""mubu_outline_container"">
        <div>
            <span>Spring中常用的设计模式</span>
        </div>
        <ul>
        </ul>
    </div>
</div>
"	"Spring5核心原理"
"Spring5核心原理_二"	"<div>
    <div class=""mubu_outline_container"">
        <div class=""mubu_outline""><div>Spring 5 核心原理</div><ul></ul></div>
    </div>
    <div class=""mubu_outline_container"">
        &nbsp;&nbsp;&nbsp;&nbsp; <div class=""mubu_outline""><div><span>Spring环境预热</span></div><ul></ul></div>
    </div>
</div>
"	"<div>
    <div class=""mubu_outline_container"">
        <div>
            <span>Spring的前世今生</span>
        </div>
        <ul>
        </ul>
    </div>
    <div class=""mubu_outline_container"">
        <div>
            <span>Spring 5 系统架构</span>
        </div>
        <ul>
        </ul>
    </div>
    <div class=""mubu_outline_container"">
        <div>
            <span>Spring版本命名规则</span>
        </div>
        <ul>
        </ul>
    </div>
    <div class=""mubu_outline_container"">
        <div>
            <span>Spring源码下载及构建技巧</span>
        </div>
        <ul>
        </ul>
    </div>
</div>
"	"Spring5核心原理"
"Spring5核心原理_三"	"<div>
    <div class=""mubu_outline_container"">
        <div class=""mubu_outline""><div>Spring 5 核心原理</div><ul></ul></div>
    </div>
    <div class=""mubu_outline_container"">
        &nbsp;&nbsp;&nbsp;&nbsp; <div class=""mubu_outline""><div><span>Spring核心原理</span></div><ul></ul></div>
    </div>
</div>
"	"<div>
    <div class=""mubu_outline_container"">
        <div>
            <span>用300行代码手写提炼Spring核心原理</span>
        </div>
        <ul>
        </ul>
    </div>
    <div class=""mubu_outline_container"">
        <div>
            <span>一步一步手绘Spring IoC运行时序图</span>
        </div>
        <ul>
        </ul>
    </div>
    <div class=""mubu_outline_container"">
        <div>
            <span>一步一步手绘Spring DI运行时序图</span>
        </div>
        <ul>
        </ul>
    </div>
    <div class=""mubu_outline_container"">
        <div>
            <span>一步一步手绘Spring AOP运行时序图</span>
        </div>
        <ul>
        </ul>
    </div>
    <div class=""mubu_outline_container"">
        <div>
            <span>一步一步手绘Spring MVC运行时序图</span>
        </div>
        <ul>
        </ul>
    </div>
</div>
"	"Spring5核心原理"
"Spring5核心原理_8"	"<div>
    <div class=""mubu_outline_container"">
        <div class=""mubu_outline""><div>Spring 5 核心原理</div><ul></ul></div>
    </div>
    <div class=""mubu_outline_container"">
        &nbsp;&nbsp;&nbsp;&nbsp; <div class=""mubu_outline""><div><span>Spring核心原理</span></div><ul></ul></div>
    </div>
    <div class=""mubu_outline_container"">
        &nbsp;&nbsp;&nbsp;&nbsp;&nbsp;&nbsp;&nbsp;&nbsp; <div class=""mubu_outline""><div><span>一步一步手绘Spring IoC运行时序图</span></div><ul></ul></div>
    </div>
</div>
"	"<div>
    <div class=""mubu_outline_container"">
        <div>
            <span>Spring IoC运行时序图</span>
        </div>
        <ul>
            <li>
                <img alt=""image"" style=""width: 400px; height: auto;"" src=""https://api2.mubu.com/v3/document_image/440bf4c5-55f7-484f-ae98-8639869d13bb-17072876.jpg"">
            </li>
        </ul>
    </div>
    <div class=""mubu_outline_container"">
        <div>
            <span>Spring核心之IoC容器初体验</span>
        </div>
        <ul>
        </ul>
    </div>
    <div class=""mubu_outline_container"">
        <div>
            <span>基于XML的IoC容器的初始化</span>
        </div>
        <ul>
        </ul>
    </div>
    <div class=""mubu_outline_container"">
        <div>
            <span>基于注解的IoC初始化</span>
        </div>
        <ul>
        </ul>
    </div>
    <div class=""mubu_outline_container"">
        <div>
            <span>IoC容器初始化小结</span>
        </div>
        <ul>
        </ul>
    </div>
</div>
"	"Spring5核心原理"
"Spring5核心原理_8.1"	"<div>
    <div class=""mubu_outline_container"">
        <div class=""mubu_outline""><div>Spring 5 核心原理</div><ul></ul></div>
    </div>
    <div class=""mubu_outline_container"">
        &nbsp;&nbsp;&nbsp;&nbsp; <div class=""mubu_outline""><div><span>Spring核心原理</span></div><ul></ul></div>
    </div>
    <div class=""mubu_outline_container"">
        &nbsp;&nbsp;&nbsp;&nbsp;&nbsp;&nbsp;&nbsp;&nbsp; <div class=""mubu_outline""><div><span>一步一步手绘Spring IoC运行时序图</span></div><ul></ul></div>
    </div>
    <div class=""mubu_outline_container"">
        &nbsp;&nbsp;&nbsp;&nbsp;&nbsp;&nbsp;&nbsp;&nbsp;&nbsp;&nbsp;&nbsp;&nbsp; <div class=""mubu_outline""><div><span>Spring核心之IoC容器初体验</span></div><ul></ul></div>
    </div>
</div>
"	"<div>
    <div class=""mubu_outline_container"">
        <div>
            <span>再谈IoC与DI</span>
        </div>
        <ul>
        </ul>
    </div>
    <div class=""mubu_outline_container"">
        <div>
            <span>Spring核心容器类图</span>
        </div>
        <ul>
        </ul>
    </div>
    <div class=""mubu_outline_container"">
        <div>
            <span>Web IoC容器初体验</span>
        </div>
        <ul>
        </ul>
    </div>
</div>
"	"Spring5核心原理"
"Spring5核心原理_8.1.2"	"<div>
    <div class=""mubu_outline_container"">
        <div class=""mubu_outline""><div>Spring 5 核心原理</div><ul></ul></div>
    </div>
    <div class=""mubu_outline_container"">
        &nbsp;&nbsp;&nbsp;&nbsp; <div class=""mubu_outline""><div><span>Spring核心原理</span></div><ul></ul></div>
    </div>
    <div class=""mubu_outline_container"">
        &nbsp;&nbsp;&nbsp;&nbsp;&nbsp;&nbsp;&nbsp;&nbsp; <div class=""mubu_outline""><div><span>一步一步手绘Spring IoC运行时序图</span></div><ul></ul></div>
    </div>
    <div class=""mubu_outline_container"">
        &nbsp;&nbsp;&nbsp;&nbsp;&nbsp;&nbsp;&nbsp;&nbsp;&nbsp;&nbsp;&nbsp;&nbsp; <div class=""mubu_outline""><div><span>Spring核心之IoC容器初体验</span></div><ul></ul></div>
    </div>
    <div class=""mubu_outline_container"">
        &nbsp;&nbsp;&nbsp;&nbsp;&nbsp;&nbsp;&nbsp;&nbsp;&nbsp;&nbsp;&nbsp;&nbsp;&nbsp;&nbsp;&nbsp;&nbsp; <div class=""mubu_outline""><div><span>Spring核心容器类图</span></div><ul></ul></div>
    </div>
</div>
"	"<div>
    <div class=""mubu_outline_container"">
        <div>
            <span>BeanFactory</span>
        </div>
        <ul>
        </ul>
    </div>
    <div class=""mubu_outline_container"">
        <div>
            <span>BeanDefinition</span>
        </div>
        <ul>
        </ul>
    </div>
    <div class=""mubu_outline_container"">
        <div>
            <span>BeanDefinitionReader</span>
        </div>
        <ul>
        </ul>
    </div>
</div>
"	"Spring5核心原理"
"Spring5核心原理_8.2"	"<div>
    <div class=""mubu_outline_container"">
        <div class=""mubu_outline""><div>Spring 5 核心原理</div><ul></ul></div>
    </div>
    <div class=""mubu_outline_container"">
        &nbsp;&nbsp;&nbsp;&nbsp; <div class=""mubu_outline""><div><span>Spring核心原理</span></div><ul></ul></div>
    </div>
    <div class=""mubu_outline_container"">
        &nbsp;&nbsp;&nbsp;&nbsp;&nbsp;&nbsp;&nbsp;&nbsp; <div class=""mubu_outline""><div><span>一步一步手绘Spring IoC运行时序图</span></div><ul></ul></div>
    </div>
    <div class=""mubu_outline_container"">
        &nbsp;&nbsp;&nbsp;&nbsp;&nbsp;&nbsp;&nbsp;&nbsp;&nbsp;&nbsp;&nbsp;&nbsp; <div class=""mubu_outline""><div><span>基于XML的IoC容器的初始化</span></div><ul></ul></div>
    </div>
</div>
"	"<div>
    <div class=""mubu_outline_container"">
        <div>
            <span>寻找入口</span>
        </div>
        <ul>
        </ul>
    </div>
    <div class=""mubu_outline_container"">
        <div>
            <span>获取配置路径</span>
        </div>
        <ul>
        </ul>
    </div>
    <div class=""mubu_outline_container"">
        <div>
            <span>开始启动</span>
        </div>
        <ul>
        </ul>
    </div>
    <div class=""mubu_outline_container"">
        <div>
            <span>创建容器</span>
        </div>
        <ul>
        </ul>
    </div>
    <div class=""mubu_outline_container"">
        <div>
            <span>载入配置路径</span>
        </div>
        <ul>
        </ul>
    </div>
    <div class=""mubu_outline_container"">
        <div>
            <span>分配路径处理策略</span>
        </div>
        <ul>
        </ul>
    </div>
    <div class=""mubu_outline_container"">
        <div>
            <span>解析配置文件路径</span>
        </div>
        <ul>
        </ul>
    </div>
    <div class=""mubu_outline_container"">
        <div>
            <span>开始读取配置内容</span>
        </div>
        <ul>
        </ul>
    </div>
    <div class=""mubu_outline_container"">
        <div>
            <span>准备文档对象</span>
        </div>
        <ul>
        </ul>
    </div>
    <div class=""mubu_outline_container"">
        <div>
            <span>分配解析策略</span>
        </div>
        <ul>
        </ul>
    </div>
    <div class=""mubu_outline_container"">
        <div>
            <span>将配置载入内存</span>
        </div>
        <ul>
        </ul>
    </div>
    <div class=""mubu_outline_container"">
        <div>
            <span>载入&lt;bean&gt;元素</span>
        </div>
        <ul>
        </ul>
    </div>
    <div class=""mubu_outline_container"">
        <div>
            <span>载入&lt;property&gt;元素</span>
        </div>
        <ul>
        </ul>
    </div>
    <div class=""mubu_outline_container"">
        <div>
            <span>载入&lt;property&gt;子元素</span>
        </div>
        <ul>
        </ul>
    </div>
    <div class=""mubu_outline_container"">
        <div>
            <span>载入&lt;list&gt;子元素</span>
        </div>
        <ul>
        </ul>
    </div>
    <div class=""mubu_outline_container"">
        <div>
            <span>分配注册策略</span>
        </div>
        <ul>
        </ul>
    </div>
    <div class=""mubu_outline_container"">
        <div>
            <span>向容器注册</span>
        </div>
        <ul>
        </ul>
    </div>
</div>
"	"Spring5核心原理"
"Spring5核心原理_8.3"	"<div>
    <div class=""mubu_outline_container"">
        <div class=""mubu_outline""><div>Spring 5 核心原理</div><ul></ul></div>
    </div>
    <div class=""mubu_outline_container"">
        &nbsp;&nbsp;&nbsp;&nbsp; <div class=""mubu_outline""><div><span>Spring核心原理</span></div><ul></ul></div>
    </div>
    <div class=""mubu_outline_container"">
        &nbsp;&nbsp;&nbsp;&nbsp;&nbsp;&nbsp;&nbsp;&nbsp; <div class=""mubu_outline""><div><span>一步一步手绘Spring IoC运行时序图</span></div><ul></ul></div>
    </div>
    <div class=""mubu_outline_container"">
        &nbsp;&nbsp;&nbsp;&nbsp;&nbsp;&nbsp;&nbsp;&nbsp;&nbsp;&nbsp;&nbsp;&nbsp; <div class=""mubu_outline""><div><span>基于注解的IoC初始化</span></div><ul></ul></div>
    </div>
</div>
"	"<div>
    <div class=""mubu_outline_container"">
        <div>
            <span>注解的前世今生</span>
        </div>
        <ul>
        </ul>
    </div>
    <div class=""mubu_outline_container"">
        <div>
            <span>定位Bean扫描路径</span>
        </div>
        <ul>
        </ul>
    </div>
    <div class=""mubu_outline_container"">
        <div>
            <span>读取注解的元数据</span>
        </div>
        <ul>
        </ul>
    </div>
    <div class=""mubu_outline_container"">
        <div>
            <span>扫描指定包并解析为BeanDefinition</span>
        </div>
        <ul>
        </ul>
    </div>
    <div class=""mubu_outline_container"">
        <div>
            <span>注册注解BeanDefinition</span>
        </div>
        <ul>
        </ul>
    </div>
</div>
"	"Spring5核心原理"
"Spring5核心原理_8.3.1"	"<div>
    <div class=""mubu_outline_container"">
        <div class=""mubu_outline""><div>Spring 5 核心原理</div><ul></ul></div>
    </div>
    <div class=""mubu_outline_container"">
        &nbsp;&nbsp;&nbsp;&nbsp; <div class=""mubu_outline""><div><span>Spring核心原理</span></div><ul></ul></div>
    </div>
    <div class=""mubu_outline_container"">
        &nbsp;&nbsp;&nbsp;&nbsp;&nbsp;&nbsp;&nbsp;&nbsp; <div class=""mubu_outline""><div><span>一步一步手绘Spring IoC运行时序图</span></div><ul></ul></div>
    </div>
    <div class=""mubu_outline_container"">
        &nbsp;&nbsp;&nbsp;&nbsp;&nbsp;&nbsp;&nbsp;&nbsp;&nbsp;&nbsp;&nbsp;&nbsp; <div class=""mubu_outline""><div><span>基于注解的IoC初始化</span></div><ul></ul></div>
    </div>
    <div class=""mubu_outline_container"">
        &nbsp;&nbsp;&nbsp;&nbsp;&nbsp;&nbsp;&nbsp;&nbsp;&nbsp;&nbsp;&nbsp;&nbsp;&nbsp;&nbsp;&nbsp;&nbsp; <div class=""mubu_outline""><div><span>注解的前世今生</span></div><ul></ul></div>
    </div>
</div>
"	"<div>
    <div class=""mubu_outline_container"">
        <div>
            <span>类级别的注解</span>
        </div>
        <ul>
        </ul>
    </div>
    <div class=""mubu_outline_container"">
        <div>
            <span>类内部的注解</span>
        </div>
        <ul>
        </ul>
    </div>
</div>
"	"Spring5核心原理"
"Spring5核心原理_9"	"<div>
    <div class=""mubu_outline_container"">
        <div class=""mubu_outline""><div>Spring 5 核心原理</div><ul></ul></div>
    </div>
    <div class=""mubu_outline_container"">
        &nbsp;&nbsp;&nbsp;&nbsp; <div class=""mubu_outline""><div><span>Spring核心原理</span></div><ul></ul></div>
    </div>
    <div class=""mubu_outline_container"">
        &nbsp;&nbsp;&nbsp;&nbsp;&nbsp;&nbsp;&nbsp;&nbsp; <div class=""mubu_outline""><div><span>一步一步手绘Spring DI运行时序图</span></div><ul></ul></div>
    </div>
</div>
"	"<div>
    <div class=""mubu_outline_container"">
        <div>
            <span>Spring自动装配之依赖注入</span>
        </div>
        <ul>
        </ul>
    </div>
    <div class=""mubu_outline_container"">
        <div>
            <span>Spring IoC容器中那些鲜为人知的细节</span>
        </div>
        <ul>
        </ul>
    </div>
</div>
"	"Spring5核心原理"
"Spring5核心原理_9.1"	"<div>
    <div class=""mubu_outline_container"">
        <div class=""mubu_outline""><div>Spring 5 核心原理</div><ul></ul></div>
    </div>
    <div class=""mubu_outline_container"">
        &nbsp;&nbsp;&nbsp;&nbsp; <div class=""mubu_outline""><div><span>Spring核心原理</span></div><ul></ul></div>
    </div>
    <div class=""mubu_outline_container"">
        &nbsp;&nbsp;&nbsp;&nbsp;&nbsp;&nbsp;&nbsp;&nbsp; <div class=""mubu_outline""><div><span>一步一步手绘Spring DI运行时序图</span></div><ul></ul></div>
    </div>
    <div class=""mubu_outline_container"">
        &nbsp;&nbsp;&nbsp;&nbsp;&nbsp;&nbsp;&nbsp;&nbsp;&nbsp;&nbsp;&nbsp;&nbsp; <div class=""mubu_outline""><div><span>Spring自动装配之依赖注入</span></div><ul></ul></div>
    </div>
</div>
"	"<div>
    <div class=""mubu_outline_container"">
        <div>
            <span>依赖注入发生的时间</span>
        </div>
        <ul>
        </ul>
    </div>
    <div class=""mubu_outline_container"">
        <div>
            <span>寻找获取Bean的入口</span>
        </div>
        <ul>
        </ul>
    </div>
    <div class=""mubu_outline_container"">
        <div>
            <span>开始实例化</span>
        </div>
        <ul>
        </ul>
    </div>
    <div class=""mubu_outline_container"">
        <div>
            <span>选择Bean实例化策略</span>
        </div>
        <ul>
        </ul>
    </div>
    <div class=""mubu_outline_container"">
        <div>
            <span>执行Bean实例化</span>
        </div>
        <ul>
        </ul>
    </div>
    <div class=""mubu_outline_container"">
        <div>
            <span>准备依赖注入</span>
        </div>
        <ul>
        </ul>
    </div>
    <div class=""mubu_outline_container"">
        <div>
            <span>解析属性依赖注入规则</span>
        </div>
        <ul>
        </ul>
    </div>
    <div class=""mubu_outline_container"">
        <div>
            <span>注入赋值</span>
        </div>
        <ul>
        </ul>
    </div>
</div>
"	"Spring5核心原理"
"Spring5核心原理_9.2"	"<div>
    <div class=""mubu_outline_container"">
        <div class=""mubu_outline""><div>Spring 5 核心原理</div><ul></ul></div>
    </div>
    <div class=""mubu_outline_container"">
        &nbsp;&nbsp;&nbsp;&nbsp; <div class=""mubu_outline""><div><span>Spring核心原理</span></div><ul></ul></div>
    </div>
    <div class=""mubu_outline_container"">
        &nbsp;&nbsp;&nbsp;&nbsp;&nbsp;&nbsp;&nbsp;&nbsp; <div class=""mubu_outline""><div><span>一步一步手绘Spring DI运行时序图</span></div><ul></ul></div>
    </div>
    <div class=""mubu_outline_container"">
        &nbsp;&nbsp;&nbsp;&nbsp;&nbsp;&nbsp;&nbsp;&nbsp;&nbsp;&nbsp;&nbsp;&nbsp; <div class=""mubu_outline""><div><span>Spring IoC容器中那些鲜为人知的细节</span></div><ul></ul></div>
    </div>
</div>
"	"<div>
    <div class=""mubu_outline_container"">
        <div>
            <span>关于延迟加载</span>
        </div>
        <ul>
        </ul>
    </div>
    <div class=""mubu_outline_container"">
        <div>
            <span>关于FactoryBean和BeanFactory</span>
        </div>
        <ul>
        </ul>
    </div>
    <div class=""mubu_outline_container"">
        <div>
            <span>再述autowiring</span>
        </div>
        <ul>
        </ul>
    </div>
</div>
"	"Spring5核心原理"
"Spring5核心原理_10"	"<div>
    <div class=""mubu_outline_container"">
        <div class=""mubu_outline""><div>Spring 5 核心原理</div><ul></ul></div>
    </div>
    <div class=""mubu_outline_container"">
        &nbsp;&nbsp;&nbsp;&nbsp; <div class=""mubu_outline""><div><span>Spring核心原理</span></div><ul></ul></div>
    </div>
    <div class=""mubu_outline_container"">
        &nbsp;&nbsp;&nbsp;&nbsp;&nbsp;&nbsp;&nbsp;&nbsp; <div class=""mubu_outline""><div><span>一步一步手绘Spring AOP运行时序图</span></div><ul></ul></div>
    </div>
</div>
"	"<div>
    <div class=""mubu_outline_container"">
        <div>
            <span>Spring AOP初体验</span>
        </div>
        <ul>
        </ul>
    </div>
    <div class=""mubu_outline_container"">
        <div>
            <span>Spring AOP源码分析</span>
        </div>
        <ul>
        </ul>
    </div>
</div>
"	"Spring5核心原理"
"Spring5核心原理_10.1"	"<div>
    <div class=""mubu_outline_container"">
        <div class=""mubu_outline""><div>Spring 5 核心原理</div><ul></ul></div>
    </div>
    <div class=""mubu_outline_container"">
        &nbsp;&nbsp;&nbsp;&nbsp; <div class=""mubu_outline""><div><span>Spring核心原理</span></div><ul></ul></div>
    </div>
    <div class=""mubu_outline_container"">
        &nbsp;&nbsp;&nbsp;&nbsp;&nbsp;&nbsp;&nbsp;&nbsp; <div class=""mubu_outline""><div><span>一步一步手绘Spring AOP运行时序图</span></div><ul></ul></div>
    </div>
    <div class=""mubu_outline_container"">
        &nbsp;&nbsp;&nbsp;&nbsp;&nbsp;&nbsp;&nbsp;&nbsp;&nbsp;&nbsp;&nbsp;&nbsp; <div class=""mubu_outline""><div><span>Spring AOP初体验</span></div><ul></ul></div>
    </div>
</div>
"	"<div>
    <div class=""mubu_outline_container"">
        <div>
            <span>再述Spring AOP应用场景</span>
        </div>
        <ul>
        </ul>
    </div>
    <div class=""mubu_outline_container"">
        <div>
            <span>AOP中必须明白的几个概念</span>
        </div>
        <ul>
        </ul>
    </div>
    <div class=""mubu_outline_container"">
        <div>
            <span>使用Spring AOP的两种方式</span>
        </div>
        <ul>
        </ul>
    </div>
    <div class=""mubu_outline_container"">
        <div>
            <span>切入点表达式的配置规则</span>
        </div>
        <ul>
        </ul>
    </div>
</div>
"	"Spring5核心原理"
"Spring5核心原理_10.2"	"<div>
    <div class=""mubu_outline_container"">
        <div class=""mubu_outline""><div>Spring 5 核心原理</div><ul></ul></div>
    </div>
    <div class=""mubu_outline_container"">
        &nbsp;&nbsp;&nbsp;&nbsp; <div class=""mubu_outline""><div><span>Spring核心原理</span></div><ul></ul></div>
    </div>
    <div class=""mubu_outline_container"">
        &nbsp;&nbsp;&nbsp;&nbsp;&nbsp;&nbsp;&nbsp;&nbsp; <div class=""mubu_outline""><div><span>一步一步手绘Spring AOP运行时序图</span></div><ul></ul></div>
    </div>
    <div class=""mubu_outline_container"">
        &nbsp;&nbsp;&nbsp;&nbsp;&nbsp;&nbsp;&nbsp;&nbsp;&nbsp;&nbsp;&nbsp;&nbsp; <div class=""mubu_outline""><div><span>Spring AOP源码分析</span></div><ul></ul></div>
    </div>
</div>
"	"<div>
    <div class=""mubu_outline_container"">
        <div>
            <span>寻找入口</span>
        </div>
        <ul>
        </ul>
    </div>
    <div class=""mubu_outline_container"">
        <div>
            <span>选择代理策略</span>
        </div>
        <ul>
        </ul>
    </div>
    <div class=""mubu_outline_container"">
        <div>
            <span>调用代理方法</span>
        </div>
        <ul>
        </ul>
    </div>
    <div class=""mubu_outline_container"">
        <div>
            <span>触发通知</span>
        </div>
        <ul>
        </ul>
    </div>
</div>
"	"Spring5核心原理"
"Spring5核心原理_11"	"<div>
    <div class=""mubu_outline_container"">
        <div class=""mubu_outline""><div>Spring 5 核心原理</div><ul></ul></div>
    </div>
    <div class=""mubu_outline_container"">
        &nbsp;&nbsp;&nbsp;&nbsp; <div class=""mubu_outline""><div><span>Spring核心原理</span></div><ul></ul></div>
    </div>
    <div class=""mubu_outline_container"">
        &nbsp;&nbsp;&nbsp;&nbsp;&nbsp;&nbsp;&nbsp;&nbsp; <div class=""mubu_outline""><div><span>一步一步手绘Spring MVC运行时序图</span></div><ul></ul></div>
    </div>
</div>
"	"<div>
    <div class=""mubu_outline_container"">
        <div>
            <span>初探Spring MVC请求处理流程</span>
        </div>
        <ul>
        </ul>
    </div>
    <div class=""mubu_outline_container"">
        <div>
            <span>Spring MVC九大组件</span>
        </div>
        <ul>
        </ul>
    </div>
    <div class=""mubu_outline_container"">
        <div>
            <span>Spring MVC源码分析</span>
        </div>
        <ul>
        </ul>
    </div>
    <div class=""mubu_outline_container"">
        <div>
            <span>Spring MVC优化建议</span>
        </div>
        <ul>
        </ul>
    </div>
</div>
"	"Spring5核心原理"
"Spring5核心原理_11.2"	"<div>
    <div class=""mubu_outline_container"">
        <div class=""mubu_outline""><div>Spring 5 核心原理</div><ul></ul></div>
    </div>
    <div class=""mubu_outline_container"">
        &nbsp;&nbsp;&nbsp;&nbsp; <div class=""mubu_outline""><div><span>Spring核心原理</span></div><ul></ul></div>
    </div>
    <div class=""mubu_outline_container"">
        &nbsp;&nbsp;&nbsp;&nbsp;&nbsp;&nbsp;&nbsp;&nbsp; <div class=""mubu_outline""><div><span>一步一步手绘Spring MVC运行时序图</span></div><ul></ul></div>
    </div>
    <div class=""mubu_outline_container"">
        &nbsp;&nbsp;&nbsp;&nbsp;&nbsp;&nbsp;&nbsp;&nbsp;&nbsp;&nbsp;&nbsp;&nbsp; <div class=""mubu_outline""><div><span>Spring MVC九大组件</span></div><ul></ul></div>
    </div>
</div>
"	"<div>
    <div class=""mubu_outline_container"">
        <div>
            <span>HandlerMapping</span>
        </div>
        <ul>
        </ul>
    </div>
    <div class=""mubu_outline_container"">
        <div>
            <span>HandlerAdapter</span>
        </div>
        <ul>
        </ul>
    </div>
    <div class=""mubu_outline_container"">
        <div>
            <span>HandlerExceptionResolver</span>
        </div>
        <ul>
        </ul>
    </div>
    <div class=""mubu_outline_container"">
        <div>
            <span>ViewResolver</span>
        </div>
        <ul>
        </ul>
    </div>
    <div class=""mubu_outline_container"">
        <div>
            <span>RequestToViewNameTranslator</span>
        </div>
        <ul>
        </ul>
    </div>
    <div class=""mubu_outline_container"">
        <div>
            <span>LocaleResolver</span>
        </div>
        <ul>
        </ul>
    </div>
    <div class=""mubu_outline_container"">
        <div>
            <span>MultipartResolver</span>
        </div>
        <ul>
        </ul>
    </div>
    <div class=""mubu_outline_container"">
        <div>
            <span>FlashMapManager</span>
        </div>
        <ul>
        </ul>
    </div>
</div>
"	"Spring5核心原理"
"Spring5核心原理_11.3"	"<div>
    <div class=""mubu_outline_container"">
        <div class=""mubu_outline""><div>Spring 5 核心原理</div><ul></ul></div>
    </div>
    <div class=""mubu_outline_container"">
        &nbsp;&nbsp;&nbsp;&nbsp; <div class=""mubu_outline""><div><span>Spring核心原理</span></div><ul></ul></div>
    </div>
    <div class=""mubu_outline_container"">
        &nbsp;&nbsp;&nbsp;&nbsp;&nbsp;&nbsp;&nbsp;&nbsp; <div class=""mubu_outline""><div><span>一步一步手绘Spring MVC运行时序图</span></div><ul></ul></div>
    </div>
    <div class=""mubu_outline_container"">
        &nbsp;&nbsp;&nbsp;&nbsp;&nbsp;&nbsp;&nbsp;&nbsp;&nbsp;&nbsp;&nbsp;&nbsp; <div class=""mubu_outline""><div><span>Spring MVC源码分析</span></div><ul></ul></div>
    </div>
</div>
"	"<div>
    <div class=""mubu_outline_container"">
        <div>
            <span>初始化阶段</span>
        </div>
        <ul>
        </ul>
    </div>
    <div class=""mubu_outline_container"">
        <div>
            <span>运行调用阶段</span>
        </div>
        <ul>
        </ul>
    </div>
</div>
"	"Spring5核心原理"
"Spring5核心原理_四"	"<div>
    <div class=""mubu_outline_container"">
        <div class=""mubu_outline""><div>Spring 5 核心原理</div><ul></ul></div>
    </div>
    <div class=""mubu_outline_container"">
        &nbsp;&nbsp;&nbsp;&nbsp; <div class=""mubu_outline""><div><span>Spring手写实战</span></div><ul></ul></div>
    </div>
</div>
"	"<div>
    <div class=""mubu_outline_container"">
        <div>
            <span>环境准备</span>
        </div>
        <ul>
        </ul>
    </div>
    <div class=""mubu_outline_container"">
        <div>
            <span>IoC顶层结构设计</span>
        </div>
        <ul>
        </ul>
    </div>
    <div class=""mubu_outline_container"">
        <div>
            <span>完成DI模块的功能</span>
        </div>
        <ul>
        </ul>
    </div>
    <div class=""mubu_outline_container"">
        <div>
            <span>完成MVC模块的功能</span>
        </div>
        <ul>
        </ul>
    </div>
    <div class=""mubu_outline_container"">
        <div>
            <span>16完成AOP代码织入</span>
        </div>
        <ul>
        </ul>
    </div>
</div>
"	"Spring5核心原理"
"Spring5核心原理_五"	"<div>
    <div class=""mubu_outline_container"">
        <div class=""mubu_outline""><div>Spring 5 核心原理</div><ul></ul></div>
    </div>
    <div class=""mubu_outline_container"">
        &nbsp;&nbsp;&nbsp;&nbsp; <div class=""mubu_outline""><div><span>Spring数据访问</span></div><ul></ul></div>
    </div>
</div>
"	"<div>
    <div class=""mubu_outline_container"">
        <div>
            <span>数据库事务原理详解</span>
        </div>
        <ul>
        </ul>
    </div>
    <div class=""mubu_outline_container"">
        <div>
            <span>Spring JDBC源码初探</span>
        </div>
        <ul>
        </ul>
    </div>
    <div class=""mubu_outline_container"">
        <div>
            <span>基于Spring JDBC手写ORM框架</span>
        </div>
        <ul>
        </ul>
    </div>
</div>
"	"Spring5核心原理"
"Spring5核心原理_六"	"<div>
    <div class=""mubu_outline_container"">
        <div class=""mubu_outline""><div>Spring 5 核心原理</div><ul></ul></div>
    </div>
    <div class=""mubu_outline_container"">
        &nbsp;&nbsp;&nbsp;&nbsp; <div class=""mubu_outline""><div><span>Spring经验分享</span></div><ul></ul></div>
    </div>
</div>
"	"<div>
    <div class=""mubu_outline_container"">
        <div>
            <span>Spring 5 新特性总结</span>
        </div>
        <ul>
        </ul>
    </div>
    <div class=""mubu_outline_container"">
        <div>
            <span>关于Spring的经典高频面试题</span>
        </div>
        <ul>
        </ul>
    </div>
</div>
"	"Spring5核心原理"
"Spring5核心原理_21"	"<div>
    <div class=""mubu_outline_container"">
        <div class=""mubu_outline""><div>Spring 5 核心原理</div><ul></ul></div>
    </div>
    <div class=""mubu_outline_container"">
        &nbsp;&nbsp;&nbsp;&nbsp; <div class=""mubu_outline""><div><span>Spring经验分享</span></div><ul></ul></div>
    </div>
    <div class=""mubu_outline_container"">
        &nbsp;&nbsp;&nbsp;&nbsp;&nbsp;&nbsp;&nbsp;&nbsp; <div class=""mubu_outline""><div><span>关于Spring的经典高频面试题</span></div><ul></ul></div>
    </div>
</div>
"	"<div>
    <div class=""mubu_outline_container"">
        <div>
            <span>什么是Spring框架，Spring框架有哪些主要模块</span>
        </div>
        <ul>
        </ul>
    </div>
    <div class=""mubu_outline_container"">
        <div>
            <span>使用Spring框架能带来哪些好处</span>
        </div>
        <ul>
        </ul>
    </div>
    <div class=""mubu_outline_container"">
        <div>
            <span>什么是控制反转（IoC），什么是依赖注入</span>
        </div>
        <ul>
        </ul>
    </div>
    <div class=""mubu_outline_container"">
        <div>
            <span>在Java中依赖注入有哪些方式</span>
        </div>
        <ul>
        </ul>
    </div>
    <div class=""mubu_outline_container"">
        <div>
            <span>BeanFactory和ApplicationContext有什么区别</span>
        </div>
        <ul>
        </ul>
    </div>
    <div class=""mubu_outline_container"">
        <div>
            <span>Spring提供几种配置方式来设置元数据</span>
        </div>
        <ul>
        </ul>
    </div>
    <div class=""mubu_outline_container"">
        <div>
            <span>如何使用XML配置方式配置Spring</span>
        </div>
        <ul>
        </ul>
    </div>
    <div class=""mubu_outline_container"">
        <div>
            <span>Spring提供哪些配置形式</span>
        </div>
        <ul>
        </ul>
    </div>
    <div class=""mubu_outline_container"">
        <div>
            <span>怎样用注解的方式配置Spring</span>
        </div>
        <ul>
        </ul>
    </div>
    <div class=""mubu_outline_container"">
        <div>
            <span>请解释Spring  Bean的生命周期</span>
        </div>
        <ul>
        </ul>
    </div>
    <div class=""mubu_outline_container"">
        <div>
            <span>Spring Bean作用域的区别是什么</span>
        </div>
        <ul>
        </ul>
    </div>
    <div class=""mubu_outline_container"">
        <div>
            <span>什么是Spring Inner Bean</span>
        </div>
        <ul>
        </ul>
    </div>
    <div class=""mubu_outline_container"">
        <div>
            <span>Spring中的单例Bean是线程安全的吗</span>
        </div>
        <ul>
        </ul>
    </div>
    <div class=""mubu_outline_container"">
        <div>
            <span>请举例说明如何在Spring中注入一个Java集合</span>
        </div>
        <ul>
        </ul>
    </div>
    <div class=""mubu_outline_container"">
        <div>
            <span>如何向Spring Bean中注入java.util.Properties</span>
        </div>
        <ul>
        </ul>
    </div>
    <div class=""mubu_outline_container"">
        <div>
            <span>请解释Spring Bean的自动装配</span>
        </div>
        <ul>
        </ul>
    </div>
    <div class=""mubu_outline_container"">
        <div>
            <span>自动装配有哪些局限性</span>
        </div>
        <ul>
        </ul>
    </div>
    <div class=""mubu_outline_container"">
        <div>
            <span>请解释各种自动装配模式的区别</span>
        </div>
        <ul>
        </ul>
    </div>
    <div class=""mubu_outline_container"">
        <div>
            <span>请举例解释</span><span class=""tag"">@Required注解</span>
        </div>
        <ul>
        </ul>
    </div>
    <div class=""mubu_outline_container"">
        <div>
            <span>请举例说明</span><span class=""tag"">@Qualifier注解</span>
        </div>
        <ul>
        </ul>
    </div>
    <div class=""mubu_outline_container"">
        <div>
            <span>构造方法注入和设值注入有什么区别</span>
        </div>
        <ul>
        </ul>
    </div>
    <div class=""mubu_outline_container"">
        <div>
            <span>Spring中有哪些不同类型的事件</span>
        </div>
        <ul>
        </ul>
    </div>
    <div class=""mubu_outline_container"">
        <div>
            <span>FileSystemResource和ClassPathResource有什么区别</span>
        </div>
        <ul>
        </ul>
    </div>
    <div class=""mubu_outline_container"">
        <div>
            <span>Spring中用到了哪些设计模式</span>
        </div>
        <ul>
        </ul>
    </div>
    <div class=""mubu_outline_container"">
        <div>
            <span>在Spring中如何更有效地使用JDBC</span>
        </div>
        <ul>
        </ul>
    </div>
    <div class=""mubu_outline_container"">
        <div>
            <span>请解释Spring中的IoC容器</span>
        </div>
        <ul>
        </ul>
    </div>
    <div class=""mubu_outline_container"">
        <div>
            <span>在Spring中可以注入null或者空字符串吗</span>
        </div>
        <ul>
        </ul>
    </div>
</div>
"	"Spring5核心原理"
